"item_id","item_kind","item_slug","item_sha256","review_status","reviewer_note_sha256","reviewer_notes"
"algorithm:recommendation-engine","algorithm","recommendation-engine-v1","12d75aaa6f2ba0717693e4ff5b513b08dc00ed3e375c6471ff376e6bd2f92b71","","",""
"contraindication:seated-hamstring-stretch:knee_extension_back_knee","contraindication","seated-hamstring-stretch","3b23198c711d6dcf483e25c79d9f9e6a70791ca51de4c5387e4fe55f848301c8","","",""
"exercise_muscle:band-hip-hinge-pull-through:gluteus-maximus:strengthen:2","exercise_muscle","band-hip-hinge-pull-through","33207e1266561529f6fb84bb7fa86d34b0bdb17688ce059a3218de92960c2dde","","",""
"exercise_muscle:band-hip-hinge-pull-through:hamstrings:strengthen:1","exercise_muscle","band-hip-hinge-pull-through","8314b1e08bc20739bab8b78d1341bf5a9a6d037cbf6e5c5a7f86312ade89236e","","",""
"exercise_muscle:band-lying-hip-internal-rotation:gluteus-medius:strengthen:2","exercise_muscle","band-lying-hip-internal-rotation","ceb7822c381b3c48430b88f076a5571555249d9d0b38c283daa4602d57c00272","","",""
"exercise_muscle:band-pull-apart:middle-trapezius:strengthen:2","exercise_muscle","band-pull-apart","bcfff957d97306fffe55393f14cd017fda0156194bd8cc4033d03690f7278dd4","","",""
"exercise_muscle:band-pull-apart:rhomboids:strengthen:2","exercise_muscle","band-pull-apart","e955f3a5c92dc716934a5667dfaa1a2427349e99d18effdfed0c8d8d546a29e2","","",""
"exercise_muscle:band-rear-delt-row:middle-trapezius:strengthen:2","exercise_muscle","band-rear-delt-row","9f51514612e6181cd5b43a7a8b740649588418a5692c31c165c77406f22976ee","","",""
"exercise_muscle:band-rear-delt-row:rhomboids:strengthen:2","exercise_muscle","band-rear-delt-row","56a911f75bb8b302ca3bf1bd09ec2f188586607543afbca7502aa3ceccedb04a","","",""
"exercise_muscle:band-reverse-fly:middle-trapezius:strengthen:2","exercise_muscle","band-reverse-fly","a623b9bdd9de878f09dbfc0e2a91ff3fd9dc0b7a5291d56694b95d7a914dc3ec","","",""
"exercise_muscle:band-reverse-fly:rhomboids:strengthen:1","exercise_muscle","band-reverse-fly","94ae6a38a580353fe8850daaee7c4b9efba983a692ef619abb6330313e180f52","","",""
"exercise_muscle:bent-knee-calf-stretch:gastrocnemius-soleus:stretch:2","exercise_muscle","bent-knee-calf-stretch","f3cbb3ae252025d418c9684544d43873446ebae494778b31187123d791be3c4f","","",""
"exercise_muscle:bird-dog:deep-abdominals:strengthen:2","exercise_muscle","bird-dog","32076f9bf23f14f91bd4150a549f1976bd735a428e1514118a17be9af5238dcd","","",""
"exercise_muscle:bird-dog:gluteus-maximus:strengthen:1","exercise_muscle","bird-dog","f89ac0cc93231682ba74ab49710c8043b6cd89c17f7ff66903633c6d154e81b0","","",""
"exercise_muscle:butterfly-stretch:hip-adductors:stretch:2","exercise_muscle","butterfly-stretch","10d24addfd10987674304556cafcdf709ff6a345d621fcfc8b2ec41521019148","","",""
"exercise_muscle:cat-cow:lumbar-erector-spinae:stretch:1","exercise_muscle","cat-cow","2add8aef6613a0ee0356f938779b2d2a426cb3879f8b03f52522557ba43b0fa7","","",""
"exercise_muscle:cat-cow:thoracic-erector-spinae:stretch:1","exercise_muscle","cat-cow","23a4ffa71f3dddd962d2fdc4bc722785f8324a0e7a47643d1fb3d69ea49d25fd","","",""
"exercise_muscle:childs-pose-reach:latissimus-dorsi:stretch:1","exercise_muscle","childs-pose-reach","b51bd952200fd26a0f98c34426b721cfb05c975c49661e4c7eeb4129778515b1","","",""
"exercise_muscle:childs-pose-reach:lumbar-erector-spinae:stretch:2","exercise_muscle","childs-pose-reach","f4a992d01d0e0bbea2df7d2593a36d1894670a3bae5af3a84e43cbd2fd9f6777","","",""
"exercise_muscle:childs-pose-reach:thoracic-erector-spinae:stretch:1","exercise_muscle","childs-pose-reach","13b7e833f339b131a9bac9c56291c964eb2cf3fb7995d18074a24021529c0469","","",""
"exercise_muscle:chin-tuck-head-lift:deep-cervical-flexors:strengthen:3","exercise_muscle","chin-tuck-head-lift","f735dfb600a94d6cfee9546c9bcb82883b3129309bfd6deb99d945fa96b1d593","","",""
"exercise_muscle:chin-tucks:deep-cervical-flexors:strengthen:2","exercise_muscle","chin-tucks","02ce8cd220b982cc291d7628c20deabfb78532b120e85b68a5b7f7b17c80af36","","",""
"exercise_muscle:clamshell:gluteus-medius:strengthen:1","exercise_muscle","clamshell","ba1c850fa1abecabccdd8c9a5cdc60298af4b9b42765104859819b457dc748b0","","",""
"exercise_muscle:dead-bug:deep-abdominals:strengthen:2","exercise_muscle","dead-bug","cc311dd3688414f80c5d10b638f8804db370e2f78b210c256d34851b8c5d234b","","",""
"exercise_muscle:doorway-pec-stretch:anterior-deltoid:stretch:1","exercise_muscle","doorway-pec-stretch","8a777ed0f6e723064612a951a4cd5c3c3f56b78d7873c30b13d2674aaa6595d9","","",""
"exercise_muscle:doorway-pec-stretch:pectoralis-major:stretch:2","exercise_muscle","doorway-pec-stretch","4081d48d3865bfe6ca9280ca0e0069ecf6e9460a1bea82c283732c11ac9cd9df","","",""
"exercise_muscle:doorway-pec-stretch:pectoralis-minor:stretch:2","exercise_muscle","doorway-pec-stretch","f71b3ed5505dd30a037adac3bb9599793b801a2505f1fdbbb6772af316f8a68f","","",""
"exercise_muscle:figure-four-stretch:deep-hip-external-rotators:stretch:2","exercise_muscle","figure-four-stretch","1c097ca1435356081a36594514edde61ba55e528e5fc0b9f95e4cbec8273041a","","",""
"exercise_muscle:figure-four-stretch:gluteus-medius:stretch:1","exercise_muscle","figure-four-stretch","ac69125c29b43138fe2bc10d1217372b8523e72536968e750b8e4e88280fa85a","","",""
"exercise_muscle:foam-roll-lateral-thigh:tfl-it-band:stretch:1","exercise_muscle","foam-roll-lateral-thigh","78ffe5c10843a3012fb435e51e136234a5553fd64020700e74d39e14a0483a6d","","",""
"exercise_muscle:front-plank:deep-abdominals:strengthen:3","exercise_muscle","front-plank","1d85a51cefa0204d2dceb369bd1d42c83b432865440053e52eb197ce6fe79530","","",""
"exercise_muscle:glute-bridge-march:deep-abdominals:strengthen:2","exercise_muscle","glute-bridge-march","4a6c8c9f05f725764a4762a00d599f521bd75ac47a3abaf64761cab917259e85","","",""
"exercise_muscle:glute-bridge-march:gluteus-maximus:strengthen:2","exercise_muscle","glute-bridge-march","33275e492def03329cd32ea6c2aa5d3e871d6de4a21c1e1ab151a270832e58e8","","",""
"exercise_muscle:glute-bridge:gluteus-maximus:strengthen:2","exercise_muscle","glute-bridge","ad2aee10b4fa318ac2b150387614847e876659b6bd8825977f16a754eacf0ace","","",""
"exercise_muscle:glute-bridge:hamstrings:strengthen:1","exercise_muscle","glute-bridge","9b3da7358c1c8f2904ebd9f69078481d5709b9b0966aaa6a0b60c3c2bd9f05fe","","",""
"exercise_muscle:half-kneeling-band-chop:deep-abdominals:strengthen:1","exercise_muscle","half-kneeling-band-chop","2534dcc5e7c071b0967aad8fbbc5a9c6209c9f72ecec40a42c239165ef9cdfd2","","",""
"exercise_muscle:half-kneeling-band-chop:obliques:strengthen:2","exercise_muscle","half-kneeling-band-chop","1c476463f423ca8ec1a3b316ae1001a5a248c2e0cf3828dae69cf44ea393bda3","","",""
"exercise_muscle:hands-behind-back-chest-opener:anterior-deltoid:stretch:2","exercise_muscle","hands-behind-back-chest-opener","a4dffcadb19bf84c1609cd89a2ba4282806d9d51d5c48afb43f17c44aa029fb6","","",""
"exercise_muscle:hands-behind-back-chest-opener:pectoralis-major:stretch:1","exercise_muscle","hands-behind-back-chest-opener","225e78339e897e9a195f65c38a1596f1d14211b8976101e0de81939e087df927","","",""
"exercise_muscle:high-band-pull-apart:lower-trapezius:strengthen:2","exercise_muscle","high-band-pull-apart","528f6a0861d2329c04805570c264373ad192c3292d160c801b192f3e2e6d0e0d","","",""
"exercise_muscle:high-band-pull-apart:middle-trapezius:strengthen:2","exercise_muscle","high-band-pull-apart","5d0a0f5cdb57b0ab3a6ceb8e8dd9c9922561f181ae7d2d46241d3936d7fbe110","","",""
"exercise_muscle:high-band-pull-apart:rhomboids:strengthen:2","exercise_muscle","high-band-pull-apart","a56521a75c0a965185e3b3ee9578ab57eefb1e3a42b3fb99ac179eb41ff2fb54","","",""
"exercise_muscle:kneeling-hip-flexor-stretch:iliopsoas:stretch:2","exercise_muscle","kneeling-hip-flexor-stretch","2778968b981bc4b22c45201b4cccff04429634520db168a0168f7d8f4a26b9d3","","",""
"exercise_muscle:kneeling-hip-flexor-stretch:quadriceps:stretch:1","exercise_muscle","kneeling-hip-flexor-stretch","ee493d54eb9d79e4f64238486dceeee334222add646b59b47c9a3e4b48715f4a","","",""
"exercise_muscle:kneeling-hip-flexor-stretch:rectus-femoris:stretch:2","exercise_muscle","kneeling-hip-flexor-stretch","990dee2d5c6c8db6710cd351c00b724971f07460210d30a565def721c8659696","","",""
"exercise_muscle:kneeling-lat-stretch:latissimus-dorsi:stretch:2","exercise_muscle","kneeling-lat-stretch","43c787054285001d81d1c367c9bf471385e7aa7e4d11140b8e81de77ca4a77d7","","",""
"exercise_muscle:knees-to-chest-stretch:lumbar-erector-spinae:stretch:1","exercise_muscle","knees-to-chest-stretch","3e1fcff86be67fbb740b9cccabca092e621bb1fad7c960a21038560028a628b8","","",""
"exercise_muscle:lateral-band-walk:gluteus-medius:strengthen:3","exercise_muscle","lateral-band-walk","cdaef956e09d6f6ff2a57057d79fc7e7c0e18c8bcc115c53fe27b89294b3a07a","","",""
"exercise_muscle:levator-scapulae-stretch:levator-scapulae:stretch:2","exercise_muscle","levator-scapulae-stretch","0f90c85ad18dfd579be50bba731d16e5cd78282958c6b5135765e7709964ded1","","",""
"exercise_muscle:levator-scapulae-stretch:upper-trapezius:stretch:1","exercise_muscle","levator-scapulae-stretch","5eb8afc45ff69b4d56b4bcf3d4b85d262e294fbd00f9ae72144609922b0ecce3","","",""
"exercise_muscle:neck-lateral-stretch:levator-scapulae:stretch:1","exercise_muscle","neck-lateral-stretch","dba80020737bfb4e04e1a736630241b60853fe144f7360b20a430d1390a69e3c","","",""
"exercise_muscle:neck-lateral-stretch:upper-trapezius:stretch:2","exercise_muscle","neck-lateral-stretch","9034f2a20a81d7a43332750fd2109ac87164aa12eef3a95f40982fb73bd87e2b","","",""
"exercise_muscle:open-book-stretch:obliques:stretch:2","exercise_muscle","open-book-stretch","75fb1a5a3a1b39665cd80617a516374ccf0802be5e9709381b072f6d9f1bbc82","","",""
"exercise_muscle:pallof-press:deep-abdominals:strengthen:2","exercise_muscle","pallof-press","48c4a6fbeafb6d0a3a80740b6ef0e99e2d32cb3d69f3def6542ec4f3c6ae0a6a","","",""
"exercise_muscle:pallof-press:obliques:strengthen:2","exercise_muscle","pallof-press","9028525821d99d9e42752105c7591ce8ddc2fcddfaedaac234cc5813f58da677","","",""
"exercise_muscle:prone-cobra-hold:lower-trapezius:strengthen:2","exercise_muscle","prone-cobra-hold","d174f3b496c42ee3e3219820e5445ade0068360622006da1eb714b3c090293b8","","",""
"exercise_muscle:prone-cobra-hold:middle-trapezius:strengthen:2","exercise_muscle","prone-cobra-hold","5c7e6c64b7252cd34f587c73033df2262322f11a6a34163d3784e93e78c72399","","",""
"exercise_muscle:prone-cobra-hold:thoracic-erector-spinae:strengthen:2","exercise_muscle","prone-cobra-hold","6383a573de6ab2b78ce51b613ef7bfb2382cacae3935a349b617201e05d52ba8","","",""
"exercise_muscle:prone-hamstring-curl:hamstrings:strengthen:1","exercise_muscle","prone-hamstring-curl","859702ad5f1a59b1b48862779ee848f1799668d5c4d71b3f0478204421fd1651","","",""
"exercise_muscle:prone-hip-extension:deep-abdominals:strengthen:1","exercise_muscle","prone-hip-extension","3492b3df199393d04df4720dc94b176b9e8eb56d2c413fe7f62de1fc490d28ca","","",""
"exercise_muscle:prone-hip-extension:gluteus-maximus:strengthen:2","exercise_muscle","prone-hip-extension","8ae967940a883cb7f68235b54fc77bda356f704ab6f741873f60f9a3aa09dc19","","",""
"exercise_muscle:prone-i-raise:lower-trapezius:strengthen:2","exercise_muscle","prone-i-raise","66ae28cb16e96888fabb3daf3a3f1deb7d17301536b738ffab19fe498b1929a0","","",""
"exercise_muscle:prone-i-raise:thoracic-erector-spinae:strengthen:1","exercise_muscle","prone-i-raise","45e7577ae34713635160b911da2673151fc41df1e973da4efb53485b008e4abc","","",""
"exercise_muscle:prone-t-raise:middle-trapezius:strengthen:3","exercise_muscle","prone-t-raise","6787012ea87632b00cb64a12ebddf6e19eea22070d01996223f5c46b95db3f29","","",""
"exercise_muscle:prone-t-raise:rhomboids:strengthen:3","exercise_muscle","prone-t-raise","9cb03292912cf34651088f6b735af644ffa4b1e4da6c929e70bf4da276c08f69","","",""
"exercise_muscle:prone-w-raise:middle-trapezius:strengthen:2","exercise_muscle","prone-w-raise","af06d773f9f76077fc23f2dc716f323695b44c67bb7da53ec18534246f76c49f","","",""
"exercise_muscle:prone-w-raise:rhomboids:strengthen:2","exercise_muscle","prone-w-raise","c2680434eb7335a469bc5061b09de9a8d6096ed7962a2b747e3944f7262e4466","","",""
"exercise_muscle:prone-y-raise:lower-trapezius:strengthen:3","exercise_muscle","prone-y-raise","66d72c50944f0b362994b4c79bac07c76c8a3ed618c514f35648481ebfd90e5d","","",""
"exercise_muscle:push-up-plus:serratus-anterior:strengthen:3","exercise_muscle","push-up-plus","4144fde289590faa3deeca1be8bc0f76442eaec3872a540df7674fc5b1f4d056","","",""
"exercise_muscle:quadruped-thoracic-rotation:latissimus-dorsi:stretch:1","exercise_muscle","quadruped-thoracic-rotation","c51e40dc5a5c3f1e7cb68bd675f179434f3bf1fd6c24d26a9491e9a8147f82c3","","",""
"exercise_muscle:quadruped-thoracic-rotation:thoracic-erector-spinae:stretch:2","exercise_muscle","quadruped-thoracic-rotation","52a9b0b0bdf83d43f430df3f9fdbc29cd43b3c2782d29ca9325e3b4242fc7df6","","",""
"exercise_muscle:rear-deltoid-stretch:middle-trapezius:stretch:2","exercise_muscle","rear-deltoid-stretch","1868ffa5de9c60b2d643d29e6d706c2584d6d223f33f0d4d3635a621e599d260","","",""
"exercise_muscle:rear-deltoid-stretch:rhomboids:stretch:1","exercise_muscle","rear-deltoid-stretch","2d1fa0085eaf02cbcd6f7068fe3b0ffcb4f76b554898d0026d8799b6fc81ffef","","",""
"exercise_muscle:seated-band-row:middle-trapezius:strengthen:2","exercise_muscle","seated-band-row","e9dd750db78a34539987419b05b6c7e271ae20c1ea8c9d54c643fa7b5593af44","","",""
"exercise_muscle:seated-band-row:rhomboids:strengthen:2","exercise_muscle","seated-band-row","06baccbecec5244e4a343e59a8c38695b297e14aef2887bffff89fdaa5f62d59","","",""
"exercise_muscle:seated-hamstring-stretch:hamstrings:stretch:2","exercise_muscle","seated-hamstring-stretch","cdb3f0a30946d11616b737020fcf7dd9daab42b74b93cdce9b0036d20be47022","","",""
"exercise_muscle:seated-tibial-rotation:popliteus:strengthen:1","exercise_muscle","seated-tibial-rotation","88f487948c296a38300086567047f5085559d7bcc967297fc013f4b042c9250a","","",""
"exercise_muscle:shoulder-blade-squeeze:middle-trapezius:strengthen:1","exercise_muscle","shoulder-blade-squeeze","522ee50e6a498deba8cc47d7fa3dcf0237eaa5a8ddd355a840be83283e5ba13b","","",""
"exercise_muscle:shoulder-blade-squeeze:rhomboids:strengthen:1","exercise_muscle","shoulder-blade-squeeze","7fcdda4bd8f2aa4cb7def8c595d026486a4e0d422d90ca8282d499bfcf26ad88","","",""
"exercise_muscle:side-lunge-adductor-stretch:hip-adductors:stretch:3","exercise_muscle","side-lunge-adductor-stretch","3988c7b43fb226fdd813ab966a04cbf21515576f0d38777c51e36328dc29ee0f","","",""
"exercise_muscle:side-lying-hip-abduction:gluteus-medius:strengthen:2","exercise_muscle","side-lying-hip-abduction","d1c5d34f3ab5a8951d3fa089961fbd8e4f799e2d619b2d862cc4328e3655e781","","",""
"exercise_muscle:side-plank-knees:gluteus-medius:strengthen:1","exercise_muscle","side-plank-knees","a731834c508c2c74dfbb655a126fd7c379d73141153fc796d188fffeac06c0c2","","",""
"exercise_muscle:side-plank-knees:obliques:strengthen:1","exercise_muscle","side-plank-knees","43cdc56fcdb73e80aaec624a21d5eced64685df4a6e85a165d6e8affde4e2b26","","",""
"exercise_muscle:side-plank:gluteus-medius:strengthen:2","exercise_muscle","side-plank","00dca10f0fe60ed408dd91b48c889f098c0a06f5f8313f528da729b17d0624f2","","",""
"exercise_muscle:side-plank:obliques:strengthen:3","exercise_muscle","side-plank","3f1d3d5df8acaacf8219aa6353f5e9afaa1ca639fc5bd53b123a38830f512709","","",""
"exercise_muscle:single-leg-balance:gluteus-medius:strengthen:2","exercise_muscle","single-leg-balance","495947a267e8e3d32abbd3f0446b040a26c535cc7f2750e26d26cb20290844b1","","",""
"exercise_muscle:single-leg-glute-bridge:gluteus-maximus:strengthen:3","exercise_muscle","single-leg-glute-bridge","dd8aaebb00065e2080153600366d3fcd2108836152fa2006b1eec51cf6f90c8a","","",""
"exercise_muscle:single-leg-glute-bridge:hamstrings:strengthen:2","exercise_muscle","single-leg-glute-bridge","9bef3294bb1eadf7057c7dcc8fc27dbdf482260dc00f0fe827b15e1b453fe7fd","","",""
"exercise_muscle:single-leg-rdl:gluteus-maximus:strengthen:3","exercise_muscle","single-leg-rdl","27a0db81d95cdfbcba75062f04bc547fc0a6d21bf131e9ba70c5f37f3e2d3fc3","","",""
"exercise_muscle:single-leg-rdl:hamstrings:strengthen:3","exercise_muscle","single-leg-rdl","94427132ab55329d2f67fa86b45b207ecf8cc549501b3899d22326f15f91fa95","","",""
"exercise_muscle:split-squat:gluteus-maximus:strengthen:2","exercise_muscle","split-squat","b8c802592943ed468c10a4632611595e66188cb8a663e5ad50ae5aa23ec6f6c8","","",""
"exercise_muscle:split-squat:quadriceps:strengthen:3","exercise_muscle","split-squat","dc9a8acbf84400f7ba8b08f6390c2a25c9de9ffd63c792affd045108b20ace2c","","",""
"exercise_muscle:standing-band-trunk-rotation:obliques:strengthen:2","exercise_muscle","standing-band-trunk-rotation","2aebe3eb18975fc6a43913312711659952139d4c4358368b587d293c91688580","","",""
"exercise_muscle:standing-calf-raise:gastrocnemius-soleus:strengthen:2","exercise_muscle","standing-calf-raise","8066fa4a4948d99291d7faf330d831d48914d6b0b85777d4adc794cce4304b00","","",""
"exercise_muscle:standing-hamstring-curl:hamstrings:strengthen:2","exercise_muscle","standing-hamstring-curl","e11cdddf34b4429ac9ed737fa713f83b02be5889e79b1619c17080148a321d73","","",""
"exercise_muscle:standing-hamstring-curl:popliteus:strengthen:2","exercise_muscle","standing-hamstring-curl","105053cdd0801cae03cbff3594253bd7b49e4ac4916b332cacc29a3d882a7b08","","",""
"exercise_muscle:standing-ql-stretch:latissimus-dorsi:stretch:1","exercise_muscle","standing-ql-stretch","44dcbd815e94d216865b2f7bdface56e2982e9818536609fc74cfe627826c81e","","",""
"exercise_muscle:standing-ql-stretch:obliques:stretch:1","exercise_muscle","standing-ql-stretch","4c5f36cec757dbd6a830e18acf511b56f5fdd8843ec96c21ad52cab5388037eb","","",""
"exercise_muscle:standing-ql-stretch:quadratus-lumborum:stretch:2","exercise_muscle","standing-ql-stretch","4b0aec9a3fd08df0ae1b0b6c042a4b3325cf5a8af1c743a1e85835a43d81e1c6","","",""
"exercise_muscle:standing-quad-stretch:quadriceps:stretch:2","exercise_muscle","standing-quad-stretch","4a94eb4b26350e7cc46cd5dc79d4f647caaba93185bd2db3314cce9b11071c5a","","",""
"exercise_muscle:standing-tfl-stretch:tfl-it-band:stretch:2","exercise_muscle","standing-tfl-stretch","14b9a57dc39629f75e5c2a870cdebefe5f608f9c5ead48a92bbd9082a0572918","","",""
"exercise_muscle:standing-wall-serratus-slide:serratus-anterior:strengthen:2","exercise_muscle","standing-wall-serratus-slide","4b94d932525a6c19f58468a256f01d2386fec04c007c84c50e1ce5673421e98e","","",""
"exercise_muscle:sternocleidomastoid-stretch:sternocleidomastoid:stretch:2","exercise_muscle","sternocleidomastoid-stretch","c112b44f51466e2e91967771edcb5d7e94d80f82cd6c5a5600cc22c9721afa6a","","",""
"exercise_muscle:suboccipital-release:suboccipitals:stretch:2","exercise_muscle","suboccipital-release","662741b75d64021ee547daa325bae9487c5c017ec092f77bd5444aad5d5b0617","","",""
"exercise_muscle:supine-chin-nod:deep-cervical-flexors:strengthen:1","exercise_muscle","supine-chin-nod","20e6b6784d58f16c53f48b93cc83bc724c6a9919748e00ac52794a718815032e","","",""
"exercise_muscle:supine-crossover-stretch:deep-hip-external-rotators:stretch:1","exercise_muscle","supine-crossover-stretch","d0b3c4a5d7fb13df0bc842ce5de305e3ab09dd483ae11e4c825006dc38196bf2","","",""
"exercise_muscle:supine-crossover-stretch:gluteus-medius:stretch:2","exercise_muscle","supine-crossover-stretch","7aa906c625c33c4e08b9ccab797a26ef0660f027224a0a4e2070c6e6ef7291ef","","",""
"exercise_muscle:supine-crossover-stretch:tfl-it-band:stretch:1","exercise_muscle","supine-crossover-stretch","03808db076d25dd634e768d55e3bd4eaa3edb56e489c0f72c1ffc0156ea2e931","","",""
"exercise_muscle:supine-pelvic-tilt:deep-abdominals:strengthen:1","exercise_muscle","supine-pelvic-tilt","6b4d06991c3c1285d9ff833eca5a015ac1189f472d4ebc4ff63d54caabcc7525","","",""
"exercise_muscle:tall-kneeling-anti-rotation-hold:deep-abdominals:strengthen:2","exercise_muscle","tall-kneeling-anti-rotation-hold","7c97c518fffb4bae82bd015b181a63ba05376e3f4c46ae75e2ced60da2ebdfc8","","",""
"exercise_muscle:tall-kneeling-anti-rotation-hold:obliques:strengthen:2","exercise_muscle","tall-kneeling-anti-rotation-hold","b110809de730a684e8a381aedc802e45115df91dbe3f7136fddd656b9d98c04e","","",""
"exercise_muscle:terminal-knee-extension:quadriceps:strengthen:1","exercise_muscle","terminal-knee-extension","58795cfd47714cccf2922ca1a9a4e83fe35b90c42f8e4969612e4e4994c3d639","","",""
"exercise_muscle:thoracic-extension:pectoralis-major:stretch:2","exercise_muscle","thoracic-extension","fc501bb4a143799b524b1198b2d683bcaafd538f5c4f16f3fac1849d60fccdf4","","",""
"exercise_muscle:thoracic-extension:pectoralis-minor:stretch:2","exercise_muscle","thoracic-extension","56950621a9735193421716deedf97fc1b817d16de13b19df24c74a3d74265cf4","","",""
"exercise_muscle:wall-angels:lower-trapezius:strengthen:2","exercise_muscle","wall-angels","9071d7e3e27dea0fd7a6fca81ccb0f5110ea1bb3e677b3557c11a491b9e64e95","","",""
"exercise_muscle:wall-angels:middle-trapezius:strengthen:2","exercise_muscle","wall-angels","54478482cd05d2d2cd5a20551d6c3002e5bb345e0efa9c4d955cd62a82da4e58","","",""
"exercise_muscle:wall-angels:serratus-anterior:strengthen:2","exercise_muscle","wall-angels","98d6460f747921efccaddc56c31adda175992f4de6096988825fe60e3ad6a5ad","","",""
"exercise_muscle:wall-ankle-dorsiflexion-rock:gastrocnemius-soleus:stretch:2","exercise_muscle","wall-ankle-dorsiflexion-rock","6dc930b8abac82b7c5d31f0e9ed44aef1bafe32850136db5f59a4eebb078a850","","",""
"exercise_muscle:wall-calf-stretch:gastrocnemius-soleus:stretch:2","exercise_muscle","wall-calf-stretch","7eb1ee22ee1904c8f3432471e95cf212511aeb8e050d8fa02f23113f9773b236","","",""
"exercise_muscle:wall-push-up-plus:serratus-anterior:strengthen:1","exercise_muscle","wall-push-up-plus","6cb162ece9386de7a50718d0201c83c61fbb2a60efbb1b754d06dbb9088c7569","","",""
"exercise_muscle:wall-sit:quadriceps:strengthen:2","exercise_muscle","wall-sit","9de377bccd84bf52636d10a9a4452884ec4a29d7796de73f067f006a4729b9a5","","",""
"exercise:band-hip-hinge-pull-through","exercise","band-hip-hinge-pull-through","dfaa31579fe4fc7acf5de212e38630ea4208ca48d283b552242688c136564f55","","",""
"exercise:band-lying-hip-internal-rotation","exercise","band-lying-hip-internal-rotation","ded4fd7e96be504a7576e9244a723b055d706c43892a7cfd75a6929d75604ba9","","",""
"exercise:band-pull-apart","exercise","band-pull-apart","3ed9c880fce51e97bbbd1995ea97c9bdecf0bbc9a06f13fe7721c2cab35952a5","","",""
"exercise:band-rear-delt-row","exercise","band-rear-delt-row","39c9bb9f386eecd1fb8b6da19d9e8f49a7ba9340201c25d2d76ea0565de6fa55","","",""
"exercise:band-reverse-fly","exercise","band-reverse-fly","fae8f6701cb06e0e38cb49748617be90ce4646557cb6ed1591116da23803e936","","",""
"exercise:bent-knee-calf-stretch","exercise","bent-knee-calf-stretch","888711ab5a46577104e22ee7db7b31cbbe8cc381db62a1d01bb87caf14ff8343","","",""
"exercise:bird-dog","exercise","bird-dog","94e8fd1023241ff6a722ee193c54ebde88c7b83cbbe35b15e7c386d743bd6ccd","","",""
"exercise:butterfly-stretch","exercise","butterfly-stretch","5ba6e4f088efe39f6438bd9a3dedb1f79ed528631e3dacb6c1efb091f19b2343","","",""
"exercise:cat-cow","exercise","cat-cow","4efa55363dd1a0c3904dd49ee7c8e88e0129615fdac1f93c25b835cc9a869e8e","","",""
"exercise:childs-pose-reach","exercise","childs-pose-reach","76c0044b7d25c12aea252d60ebe6ff9bc7bf852f32180c1c7051d7f286c60da2","","",""
"exercise:chin-tuck-head-lift","exercise","chin-tuck-head-lift","b996dde209003b387e3ab39a97dda8ccd0c4572ef1e7de9f70f0905a87ae3189","","",""
"exercise:chin-tucks","exercise","chin-tucks","aefa927aabf49b24aebbc24058dd67d053b47b4412420df0d97bca8105f50c3d","","",""
"exercise:clamshell","exercise","clamshell","5808c02136cf4ab05c1501a6c4ebe59346708e4203450213362cc76d9f14e1af","","",""
"exercise:dead-bug","exercise","dead-bug","f9802546babd4d7acebbc384ca7bd4ba943ca5946d1fd20a4b95b014ee01e74e","","",""
"exercise:doorway-pec-stretch","exercise","doorway-pec-stretch","772f8bf3c69a355fe33a9a62af149c59fee5197d5aa9ce4419efd0d2458698bf","","",""
"exercise:figure-four-stretch","exercise","figure-four-stretch","2c5473e56ee629fc4cecaf0e77a30d59d12e9ced3a25db0451d2e510b71721b6","","",""
"exercise:foam-roll-lateral-thigh","exercise","foam-roll-lateral-thigh","40d614e9a784639639d6893842b301faabb37b3b4334cf6c4be96adcb4c4492c","","",""
"exercise:front-plank","exercise","front-plank","526d5f494c9da3416af9e2cee429b84b7650bfdb67592320d8ee26772087f61d","","",""
"exercise:glute-bridge","exercise","glute-bridge","046cfa22bf5b06ea264ed323af0c9c820c07004baa23c6b7f455bf263e22d155","","",""
"exercise:glute-bridge-march","exercise","glute-bridge-march","b5512e7bd6dc912af828085e40525ace919dafac9e3ab72cce30bd869928f354","","",""
"exercise:half-kneeling-band-chop","exercise","half-kneeling-band-chop","07727d866728242f28d503bd0cd7f786a66a07181237c5f68e35efa52ada8698","","",""
"exercise:hands-behind-back-chest-opener","exercise","hands-behind-back-chest-opener","7b3268dfcbcab1113ef3fa129251eecf5467f2224586a529fd44a5cc0455364d","","",""
"exercise:high-band-pull-apart","exercise","high-band-pull-apart","af931fc678f132b9775f00815be9f74084d8a916479aa9ab2eecf8dd00dcc4f2","","",""
"exercise:kneeling-hip-flexor-stretch","exercise","kneeling-hip-flexor-stretch","e1a183e598819abf69e0805e6e0fd473b660d09a838058297972876f4ff77030","","",""
"exercise:kneeling-lat-stretch","exercise","kneeling-lat-stretch","bcbb6ded43b9aa743aaad1f40bccffe61df12585922e4a90f5c4232c133d81b0","","",""
"exercise:knees-to-chest-stretch","exercise","knees-to-chest-stretch","0a328419351771c309606e995a1fc800efdfd6819d507f7d67dcae62f2b0936a","","",""
"exercise:lateral-band-walk","exercise","lateral-band-walk","fe3db927a457517f674c255824c4b1310132603a7f45192defd5004816fae9d1","","",""
"exercise:levator-scapulae-stretch","exercise","levator-scapulae-stretch","cdfd7580ae2ce4b38041e36654593cd7096ecd8737dfce082ce6df988dba00bb","","",""
"exercise:neck-lateral-stretch","exercise","neck-lateral-stretch","3b3a39fa6f7632b13fbf7637e66e76d0f91aa729ea6d15f111ef0a502659a654","","",""
"exercise:open-book-stretch","exercise","open-book-stretch","d1f8ee40b38e11e6db9d811aa3e861621ffa9145598874ef70157eb719b80a38","","",""
"exercise:pallof-press","exercise","pallof-press","b93b07f65673663fe90c7d141cb3343e467376cbf0ae248a32725145b626176c","","",""
"exercise:prone-cobra-hold","exercise","prone-cobra-hold","f2f5200745a7e84f3600325b28a4f6ab14fd1296506f8f21c46066d401732967","","",""
"exercise:prone-hamstring-curl","exercise","prone-hamstring-curl","9c9c06d27511ba2707297d95ee274bb3afbe3c78269774fb45c3b1d417ffcead","","",""
"exercise:prone-hip-extension","exercise","prone-hip-extension","21c84fc3eba2e200de59ff6e03153ce07a165ff9847dd2374d9d757663a7d1f5","","",""
"exercise:prone-i-raise","exercise","prone-i-raise","37a518375278768b871ef9bd6ad6d97163ba406b26fb198efd255dbb8ec834c3","","",""
"exercise:prone-t-raise","exercise","prone-t-raise","8ddaa620ee177dac5f332c46370b1e36a34011eba27eee788e0e46448cb0e1bc","","",""
"exercise:prone-w-raise","exercise","prone-w-raise","202c66c9e6aead42db354432dbb3b6ca418fd48de58d87676b40cc7204603174","","",""
"exercise:prone-y-raise","exercise","prone-y-raise","77632de2f191abeb562342f0811f0b7c961f37d68866b49c2e4598d032c6e3e2","","",""
"exercise:push-up-plus","exercise","push-up-plus","cc0f52ed3994e69cf0724e427373ba4034e8c3ff7af8dc7aa0b1bf0bb6b11cbf","","",""
"exercise:quadruped-thoracic-rotation","exercise","quadruped-thoracic-rotation","36fcdd18b08a4d6ac9541a9c9b88afa85e05435cbe8d459e4af635048f69cf0b","","",""
"exercise:rear-deltoid-stretch","exercise","rear-deltoid-stretch","0d573587befb4d0cd2ecff03109ea10517942067c8f83ed4ec2ac543c81e7c65","","",""
"exercise:seated-band-row","exercise","seated-band-row","d89076cd3e8be464cc9b142d0bf996d9c79eac7bf10cc78e0f4ef4df18fa6e52","","",""
"exercise:seated-hamstring-stretch","exercise","seated-hamstring-stretch","b911e085d69f1f96053f8328ed4e2a6d457149983c2897536713a90b1e77fe42","","",""
"exercise:seated-tibial-rotation","exercise","seated-tibial-rotation","e04386f7721e06a7ebd0ed64ecab05a5ef6141fba558f281f8474ff2f4232a14","","",""
"exercise:shoulder-blade-squeeze","exercise","shoulder-blade-squeeze","272bc11de00e1fae39883a4a0c35f3da3084b00a5de3f988c18923d74b1e28d4","","",""
"exercise:side-lunge-adductor-stretch","exercise","side-lunge-adductor-stretch","a50d66ae95a02c290bb814a8b1234cc0d183085c3d43e041baae8c38f56d62c3","","",""
"exercise:side-lying-hip-abduction","exercise","side-lying-hip-abduction","dd839cfaac04b4100a66ec43df7515636ece29748fc07d12e8d0682413386bf0","","",""
"exercise:side-plank","exercise","side-plank","395385ef4b4fb4565270610f39242c2685f555727c2c8742a04f2a4e93a58e64","","",""
"exercise:side-plank-knees","exercise","side-plank-knees","fc903daefcef18e34fd4e6604c8833682c6a0d604013df342efc6b7fc11f0b19","","",""
"exercise:single-leg-balance","exercise","single-leg-balance","0d03fbbc09ac46d54a52bce6f252e0d690e15fd3b872d9108a8bb82a40ad42c9","","",""
"exercise:single-leg-glute-bridge","exercise","single-leg-glute-bridge","be9b9a249370f3097f6d27d13fca793e8a231ac37eb3dfcb786d850b1beaa5fa","","",""
"exercise:single-leg-rdl","exercise","single-leg-rdl","6446044ad72bfffa66fc855ea7e187b465470820b5fb6d21dd791bcf51889b9d","","",""
"exercise:split-squat","exercise","split-squat","f86ab422889182d1b2065a1eed6d4d4125301bb3d1a645a03aaa09be6a6fa1c2","","",""
"exercise:standing-band-trunk-rotation","exercise","standing-band-trunk-rotation","78a7de134d0060cc43b15a779d8dafeb2f323ac4ebf6fbaaaf78182ceaaf9a4f","","",""
"exercise:standing-calf-raise","exercise","standing-calf-raise","cb4326264f7399a9773d3abcb15e8bb2f624b853cbde6b1778e26af80004ee34","","",""
"exercise:standing-hamstring-curl","exercise","standing-hamstring-curl","67e87b5018d2eccdaa9d785be548507ff8d0a65b9681f390eec2730b21188fdf","","",""
"exercise:standing-ql-stretch","exercise","standing-ql-stretch","abb5ab7463fe4d4f9c171c81591b554b3ac5d30516e8108af02321ca42289ce8","","",""
"exercise:standing-quad-stretch","exercise","standing-quad-stretch","1533f94d26d3f21d36ceaf627b5ce94f53e0929a356d5665ee257ffa561ad614","","",""
"exercise:standing-tfl-stretch","exercise","standing-tfl-stretch","6a6ba22a147cf009e8a451b00523fd9eda5f5c384609b7d9e5ca535c416f35cb","","",""
"exercise:standing-wall-serratus-slide","exercise","standing-wall-serratus-slide","81d0996d4e405a9f150b029b8ddc4aeff4969f18b140224384ee32722e389141","","",""
"exercise:sternocleidomastoid-stretch","exercise","sternocleidomastoid-stretch","49eb0623594b2e8e10152096bdfdccda2a667f3ddedab51ff8c2905884568ce7","","",""
"exercise:suboccipital-release","exercise","suboccipital-release","e588ece3718099bf50218dcaa5aa0a97643cba4296b9a894f4a76b423bbf9d13","","",""
"exercise:supine-chin-nod","exercise","supine-chin-nod","af599a40a5770adf819df1d5cbe3b7b4b0ea60aacd0da955f58204e2bcd996f0","","",""
"exercise:supine-crossover-stretch","exercise","supine-crossover-stretch","837d5cc8a2d4d60375605b2bd52bdbaeea474d6e42786ecff5a11bf68d7ee05b","","",""
"exercise:supine-pelvic-tilt","exercise","supine-pelvic-tilt","49e3b9527b1ce48bf0903d236430183c4497bb0d44673acb8b0baec07898818b","","",""
"exercise:tall-kneeling-anti-rotation-hold","exercise","tall-kneeling-anti-rotation-hold","ed4cd703ad4d460a4683e7a52709b022398ee7587a0ad7d256ad687e9b94abae","","",""
"exercise:terminal-knee-extension","exercise","terminal-knee-extension","067c09e00ead336fa33734c679f50a5fc075b1a9068e19a4e73941e56e564bbf","","",""
"exercise:thoracic-extension","exercise","thoracic-extension","b1661e5625dd3739abf9c7f8e2c0be69ed6378da1443e4d8687e0f40a6471187","","",""
"exercise:wall-angels","exercise","wall-angels","6f1c003a1148d37d496e3af5c6f090d0521c0fcdadfc21077fcf0de320e324e2","","",""
"exercise:wall-ankle-dorsiflexion-rock","exercise","wall-ankle-dorsiflexion-rock","1891d89ec0530c0d1effb0fa49ac1c0fe72edda93536054e363ee66e0eda7c4a","","",""
"exercise:wall-calf-stretch","exercise","wall-calf-stretch","3d27d33584aa8d5ff9151f22fcd626b3745ba0fe6b9e41187d852b450314d641","","",""
"exercise:wall-push-up-plus","exercise","wall-push-up-plus","7915310f977b9bbd6c07da9674eb0edfa7fa118010c311c0ead727f92f254690","","",""
"exercise:wall-sit","exercise","wall-sit","f7a4097f027fe4fd79e91e6b521f93430b583875b43865eaa82967f914936fd9","","",""
"link:anterior-deltoid:anterior_imbalanced_shoulders:tight","link","anterior-deltoid","3d888f0e4db891789bfda9830ab62aa8022d833666523eddf530b3b2c078de6d","","",""
"link:deep-abdominals:trunk_lean:weak","link","deep-abdominals","e2e788dba587aafc6f45060bec7cdd61ab9dd9a5d52bc787b982b5bef56dd87f","","",""
"link:deep-cervical-flexors:forward_head_posture:weak","link","deep-cervical-flexors","4ace7dd05c92fa37b1f413c4ef1258e97fedec94c0be5700cc5502fda17f504e","","",""
"link:gastrocnemius-soleus:knee_extension_back_knee:tight","link","gastrocnemius-soleus","26f9ce5b3574d65cb5e333a16a3e2b66799a8593fe7a8e01f29e2570af4e8f71","","",""
"link:gastrocnemius-soleus:trunk_lean:tight","link","gastrocnemius-soleus","bf41fe9f5d50d6083b3fc2a8ce8f0bd830f51c3c9e23c25b6f11b330d8d6b43e","","",""
"link:gluteus-maximus:trunk_lean:weak","link","gluteus-maximus","de0ad57d39ac2710d2653eb3b4d83c6d8ae76c2120b6a8dd3237430fa4e44334","","",""
"link:gluteus-medius:genu_varum_valgum_left:weak","link","gluteus-medius","8d881ae2d36cff3ac76e3138535c68008df6927faeb3502a796412b729e51ab3","","",""
"link:gluteus-medius:genu_varum_valgum_right:weak","link","gluteus-medius","002c79f5df725ac1d6592c9057df335c21e9883a9c50f3431f8903f1e3f54c0b","","",""
"link:gluteus-medius:pelvic_obliquity:tight","link","gluteus-medius","88c4b38c28846d5d79319c7e68cd0daffe84f22931a826515006b01ee5836dd8","","",""
"link:gluteus-medius:pelvic_obliquity:weak","link","gluteus-medius","bb7565a9201ae52c74c1dfecb1801c5c640de5588bcd8fd1f0ef3042c494e44e","","",""
"link:hamstrings:knee_extension_back_knee:weak","link","hamstrings","8088435cb9f67a948224e4efac4a11cb7b4a573a57102490086f4d7222f81291","","",""
"link:hamstrings:trunk_lean:tight","link","hamstrings","3c7553685a1180f8a2bb39e15ba99e97a7e504040f70f1ecc4b13d9e6b0d8b51","","",""
"link:hip-adductors:genu_varum_valgum_left:tight","link","hip-adductors","b73f2d3b62eeb4d81609a342ba50fc7b12e3276bbef51bfb58a65ee78c999669","","",""
"link:hip-adductors:genu_varum_valgum_right:tight","link","hip-adductors","c4ab67c4592495e36ceeb838b4bc4ab34a1b2f820949ef8f83d76f40d9fc85f1","","",""
"link:hip-adductors:pelvic_obliquity:tight","link","hip-adductors","acc5a0c82fd5a8857d5db96f39ff139b733c5f388f19b3ff028961befff2f2ae","","",""
"link:iliopsoas:trunk_lean:tight","link","iliopsoas","3bde93e6a19e63d148243049e13b7527ba2388fb166498c86c4f1b7636504cc5","","",""
"link:latissimus-dorsi:trunk_lean:tight","link","latissimus-dorsi","6fcb5057078397923717e5d7619ce1c0711b6ae0875b2dc9b18d126122dd008c","","",""
"link:levator-scapulae:forward_head_posture:tight","link","levator-scapulae","5724ce8bd8d4d2f45f46e3ea25cfc4cd27ae5387be0cd86f27aa73bcc1e92d7c","","",""
"link:levator-scapulae:posterior_imbalanced_shoulders:tight","link","levator-scapulae","580954783dfa0a3d303537bf7b49df65a454d075b89dd81ec5a6dc46b9765138","","",""
"link:lower-trapezius:anterior_imbalanced_shoulders:weak","link","lower-trapezius","13bac7b63cca8ec88bb2dc6159b0e1de6f7e57c0dd7d78c85441f96155e9bd43","","",""
"link:lower-trapezius:forward_head_posture:weak","link","lower-trapezius","9a8a2bedb9d37bfb516c68a1f3e2d918de366acc9703ba236ff0fd2362938442","","",""
"link:lower-trapezius:posterior_imbalanced_shoulders:weak","link","lower-trapezius","6805cee99b80b051250c6927761711479f7c228e970cb4af467109b8db13ddba","","",""
"link:lumbar-erector-spinae:trunk_lean:tight","link","lumbar-erector-spinae","c0d1adb8e3801bc6e6e60cb325b3a75d2b782e573fc90117f25e583ca0304fc5","","",""
"link:middle-trapezius:anterior_imbalanced_shoulders:weak","link","middle-trapezius","2ee12379e2742f117905f12a2fa62f8108734d6bb3ee7494850e9b179e80b0a4","","",""
"link:middle-trapezius:posterior_imbalanced_shoulders:weak","link","middle-trapezius","04c0e97a661ecb42f91953e8de3ec022f2f0a3ab35d0133f73387d64d44b1d71","","",""
"link:pectoralis-major:anterior_imbalanced_shoulders:tight","link","pectoralis-major","fdca5b7c35f788b4e467e1c8ca459660c7518d6a897cf34ca3e751820339d21b","","",""
"link:pectoralis-minor:anterior_imbalanced_shoulders:tight","link","pectoralis-minor","b9b49383ecb81861e9dafda9a154c3fcef8d950b62bbe426408cc77da45781a2","","",""
"link:pectoralis-minor:forward_head_posture:tight","link","pectoralis-minor","36ef3116eb658de3bae1708a85547868bf4154ab02e7c235f64dd6e441725521","","",""
"link:popliteus:knee_extension_back_knee:weak","link","popliteus","039e14ca37c4dc177fbd0dbdfcaf922270f3f8403ae983c5412257ac7d4357fc","","",""
"link:quadratus-lumborum:pelvic_obliquity:tight","link","quadratus-lumborum","0971aa4b163109b0d9493e4c084b3d7985d7d928affaed8db87e6c972514a177","","",""
"link:quadriceps:genu_varum_valgum_left:weak","link","quadriceps","9e8106e70d7e8f06c321b4750e73b0797d84757e92c60f8981f8c1c58d32976c","","",""
"link:quadriceps:genu_varum_valgum_right:weak","link","quadriceps","17b9aace9e4d20a2fcbcf9c2b07c6969de5b9e00ab4c4a9e673d7f81ddb49a4e","","",""
"link:quadriceps:knee_extension_back_knee:tight","link","quadriceps","cc4ec0b74de48aea6b7b3e267c93b45e751a922a1d0a3b1a5b72d354caf9381e","","",""
"link:rectus-femoris:trunk_lean:tight","link","rectus-femoris","9430e294c6a40d55923db1d9f347265aeed49d518ea770fee354bafa71468213","","",""
"link:rhomboids:anterior_imbalanced_shoulders:weak","link","rhomboids","8f973df9ca6bfad3e116078975aaa5c14cccf4e917089525f9717ecc3df0bd31","","",""
"link:rhomboids:posterior_imbalanced_shoulders:weak","link","rhomboids","f6648b163a414feca94f791b1d13eb8ed60566f1ec17a19058970d2b9af8298a","","",""
"link:serratus-anterior:anterior_imbalanced_shoulders:weak","link","serratus-anterior","fb2fc0a214d38e0e6fe9ff17b70cb8aafd93b3da543739818b5376261432287c","","",""
"link:sternocleidomastoid:forward_head_posture:tight","link","sternocleidomastoid","b40766f4c5a8c766ad500d6cb3fa15bf54e775ee2638b4c773ab87cd1de506a8","","",""
"link:suboccipitals:forward_head_posture:tight","link","suboccipitals","e49dd447c9bee24d4f6579ac1f637626edfa59544cf5913b4108c1e821ff2653","","",""
"link:tfl-it-band:genu_varum_valgum_left:tight","link","tfl-it-band","d3397f70d311e39e352b153885395ecfcf76a3f1392acf7e44d2fa085e4a3ce9","","",""
"link:tfl-it-band:genu_varum_valgum_right:tight","link","tfl-it-band","d0c3689cdc8ccc79f158b45bc74079cfbe03ee39fe9879e7bc8e027c26d7dea8","","",""
"link:thoracic-erector-spinae:forward_head_posture:weak","link","thoracic-erector-spinae","1f413ff53b862c569133288fa22d103bbb087a6a920f5825b76d91eca53d1115","","",""
"link:thoracic-erector-spinae:trunk_lean:weak","link","thoracic-erector-spinae","0e311f1d037b65d7fade61c33624b6a93d4c772944a1cf08327a92f4bd7894a0","","",""
"link:upper-trapezius:anterior_imbalanced_shoulders:tight","link","upper-trapezius","f04c6a677299ee2746e9cb345d1095b8a66741fe395c03d2e943f3c359f66755","","",""
"link:upper-trapezius:forward_head_posture:tight","link","upper-trapezius","b0017bb8b97647be5cb549403c3b4febbb43e3aad75c31082b7445bbb6713b6d","","",""
"link:upper-trapezius:posterior_imbalanced_shoulders:tight","link","upper-trapezius","6ce6e7e81edc5647e464fd913209f24eb44ff8958158c8debea1aec584b9e1fb","","",""
"muscle:anterior-deltoid","muscle","anterior-deltoid","36cfa6a74467945b93eaaee6925a3698b0d418a3df5139b18b82349122daee52","","",""
"muscle:deep-abdominals","muscle","deep-abdominals","91b430eccadfd93ddf30637744f1953a3c761b4acb5648bc6fcba03ec2ce5ea2","","",""
"muscle:deep-cervical-flexors","muscle","deep-cervical-flexors","abff0e9e609a3bbdcb64474f5f881d7e6cc327b8b279ce45c88abc4a29c838cc","","",""
"muscle:deep-hip-external-rotators","muscle","deep-hip-external-rotators","e890295c6b78ec501304a1ed2d3b890bf494c02449951914f07913c9e505e596","","",""
"muscle:gastrocnemius-soleus","muscle","gastrocnemius-soleus","e834c660573759c8ee519ed889a9c0335460077a08756ea0b97e90b16bba9eeb","","",""
"muscle:gluteus-maximus","muscle","gluteus-maximus","d4d96da2612f4f93353cf7bb30068a9b710298e4428663ecd3bd09a1da09e9c4","","",""
"muscle:gluteus-medius","muscle","gluteus-medius","281a577b3eacba8c2428343c3374b74fdb2616208f0a9c09081c5150a9cada93","","",""
"muscle:hamstrings","muscle","hamstrings","7857fcabeb605aef00d4d7b44ca5fadb06eb676db50db4befb28b3c4ad1e57d2","","",""
"muscle:hip-adductors","muscle","hip-adductors","fac149072a23c78e68716f3917d474b21b04728d5eea65d07043585be656852e","","",""
"muscle:iliopsoas","muscle","iliopsoas","ca4216353442eefd58721c9575fcdc5c5ce2562087e2623dfc72508fbcf4ca2b","","",""
"muscle:latissimus-dorsi","muscle","latissimus-dorsi","7ee32ad4a186c111bae63b722cc23d68b6ef1e7dc96d1f3337489a653c1ef03a","","",""
"muscle:levator-scapulae","muscle","levator-scapulae","139979d3748f8eec74f0812d670d13fe67d1c0f71b1000506051ce8297c641b5","","",""
"muscle:lower-trapezius","muscle","lower-trapezius","d995745134e2281ca1dc6a8e11a03354ec3a6e21f7a6a2acdebc942bd2e87218","","",""
"muscle:lumbar-erector-spinae","muscle","lumbar-erector-spinae","09d11d0efe1be0ae73463ab87585053594a36946ed2ce1a7494e9f819988a333","","",""
"muscle:middle-trapezius","muscle","middle-trapezius","77b5fe0960b5aba7020e94c21a16967e431faf9194222593625d1c23f1c27e15","","",""
"muscle:obliques","muscle","obliques","d16060e478b1b381499f07b542cb6e27839f96689bd027ff75b1f2c80e24d005","","",""
"muscle:pectoralis-major","muscle","pectoralis-major","62ea907cf2f8471240c4f938e127cdc18a8955f8ec28c2efae13d32606592c5e","","",""
"muscle:pectoralis-minor","muscle","pectoralis-minor","31c4eed2a22e0c838ebdf14f6f7b9f1c18477e52e17b76b03ce026a4a7596b92","","",""
"muscle:popliteus","muscle","popliteus","58842625a00b1d9ad08e1ad4117982f1fc742da300ce5231e1addff8865fb610","","",""
"muscle:quadratus-lumborum","muscle","quadratus-lumborum","09fa7b41851065b483d00026f38728650a703243fd6bb139f57e0186834ad56c","","",""
"muscle:quadriceps","muscle","quadriceps","56c417440b5278c702e97198b6769b678f56c20dec2c7a6d1b9c12ce30b379d5","","",""
"muscle:rectus-femoris","muscle","rectus-femoris","7655ad1e48121fb84f4f5afe982514ca1ba2343f49d49352fe18bdc1eb9b64f9","","",""
"muscle:rhomboids","muscle","rhomboids","4b04b7bb3186d03ff7ba117160130d7c5083436d50cca41e8c6d0839d3ce665a","","",""
"muscle:serratus-anterior","muscle","serratus-anterior","509a52f9e574c2a03e973f6ce7e59d2b79ffe7584245c2550945b8e91ce614f2","","",""
"muscle:sternocleidomastoid","muscle","sternocleidomastoid","6258b9474960d1e99e1d7c16f72c59e5e7f69fe5d16c20587db387a5ecc520c5","","",""
"muscle:suboccipitals","muscle","suboccipitals","699660a6b3b101b8bed67985cf96b48d4e763ef2854a042916cb52c3bdf0faa8","","",""
"muscle:tfl-it-band","muscle","tfl-it-band","5358965aebfa538c78ec2c4a23e5d7bb174f83b9ad404b16b8e2ad46ef20ad65","","",""
"muscle:thoracic-erector-spinae","muscle","thoracic-erector-spinae","1ab18d04fa32e0d8f0b7210a99228e48566aeb6c89c622e1f87a6ee452d5aa54","","",""
"muscle:upper-trapezius","muscle","upper-trapezius","93221334c0d2e49e1b25ffdebd38c415083db8039e1a1e7ddcfb004e05944dc1","","",""
"report_copy:anterior_imbalanced_shoulders","report_copy","anterior_imbalanced_shoulders","0033990913661fb5058d143307f78801fed7a8f365111323a677f5f6134220d8","","",""
"report_copy:anterior_pelvic_shift","report_copy","anterior_pelvic_shift","4ae169fdfa34f86477b60721237075532a2e449bed890f1fcccb1d16036ce84f","","",""
"report_copy:bilateral-knee","report_copy","bilateral-knee","e1ef7d833334ba9c9e804685319c413ccba13edf40118fd68a430bde5212dfd9","","",""
"report_copy:forward_head_posture","report_copy","forward_head_posture","8bbb6713ae2b93c8430712c91ab644c68c3f617218013eae8a8ce9cd65c91279","","",""
"report_copy:genu_varum_valgum_left","report_copy","genu_varum_valgum_left","789bd2415a96c5147d849b4b30837bacfde123efdf28a911952b2d8b728037f6","","",""
"report_copy:genu_varum_valgum_right","report_copy","genu_varum_valgum_right","8e77e5942a04e7c42817c0b1914b0b8b0d6a9e62a6fadf08674f8d948416bc14","","",""
"report_copy:knee_extension_back_knee","report_copy","knee_extension_back_knee","d72cd07fb8a7591b407a1f26ce61ad02b14b651a95fb15d1b67aab5216a31d1b","","",""
"report_copy:pelvic_axial_rotation","report_copy","pelvic_axial_rotation","2bc143a0145f1d316036ca98f3ac72efdc5d318a4ad2813a72ce59f4c40de914","","",""
"report_copy:pelvic_obliquity","report_copy","pelvic_obliquity","83b3deee361b4a7d47278d3dbcd2201c8a9b23018cc62c7593cb3167d0081d5d","","",""
"report_copy:posterior_imbalanced_shoulders","report_copy","posterior_imbalanced_shoulders","acf64a79907531b7fc371b465c35c29e792ebe87013959f196af440e97a0daa2","","",""
"report_copy:t1_tilt_backward","report_copy","t1_tilt_backward","d456f10ae0b7f3f3f78b709384a391a7f04ece7c3f1cc2c65bd1ffdd0a3678dc","","",""
"report_copy:trunk_lean","report_copy","trunk_lean","c9aeb1a3cc437bc0220b6dd224c490fe868d2844d86a23473c0eca05f5aebf7c","","",""
